{
  "experiment_config": {
    "cache_dir": "./cache_dir",
    "clip_type": "LanguageBind_Video_FT",
    "msvd_root": "./",
    "video_dir": "./datasets/MSVD_Zero_Shot_QA/videos",
    "descriptions_file": "./datasets/MSVD_Zero_Shot_QA/AllVideoDescriptions.txt",
    "test_list": "./datasets/MSVD_Zero_Shot_QA/test_list.txt",
    "norm": "linf",
    "eps": 0.00784313725490196,
    "alpha": 0.00784313725490196,
    "n_attack_samples": 1000,
    "batch_size": 16,
    "attack_batch_size": 8,
    "attacks_to_run": [
      "apgd-t"
    ],
    "experiment_name": "msvd_attack_eval",
    "save_results": true,
    "verbose": true
  },
  "baseline_performance": {
    "text_to_video": {
      "R1": 60.298507462686565,
      "R5": 86.56716417910448,
      "R10": 91.64179104477611,
      "MR": 1.0,
      "MedianR": 1.0,
      "MeanR": 5.16865671641791
    },
    "video_to_text": {
      "R1": 59.850746268656714,
      "R5": 86.86567164179104,
      "R10": 92.08955223880596,
      "MR": 1.0,
      "MedianR": 1.0,
      "MeanR": 4.553731343283582
    }
  },
  "attack_results": [
    {
      "attack_method": "apgd-t",
      "total_samples": 670,
      "attack_time": 9409.576431035995,
      "avg_time_per_sample": 14.044143926919396,
      "baseline_r1": 60.298507462686565,
      "baseline_r5": 86.56716417910448,
      "baseline_r10": 91.64179104477611,
      "original_r1": 61.19402985074627,
      "original_r5": 87.01492537313433,
      "original_r10": 91.94029850746269,
      "original_mean_rank": 4.650746268656716,
      "attacked_r1": 4.17910447761194,
      "attacked_r5": 53.582089552238806,
      "attacked_r10": 68.35820895522389,
      "attacked_mean_rank": 33.158208955223884,
      "r1_drop": 57.01492537313433,
      "r5_drop": 33.43283582089553,
      "r10_drop": 23.5820895522388,
      "mean_rank_increase": 28.507462686567166,
      "attack_success_rate": 0.5716417910447761,
      "mean_rank_degradation": 28.507462686567163
    }
  ],
  "summary": {
    "best_attack": "apgd-t",
    "max_r1_drop": 57.01492537313433,
    "max_r5_drop": 33.43283582089553,
    "max_success_rate": 0.5716417910447761
  }
}