{
  "experiment_config": {
    "cache_dir": "./cache_dir",
    "clip_type": "LanguageBind_Video_FT",
    "msvd_root": "./",
    "video_dir": "./datasets/MSVD_Zero_Shot_QA/videos",
    "descriptions_file": "./datasets/MSVD_Zero_Shot_QA/AllVideoDescriptions.txt",
    "test_list": "./datasets/MSVD_Zero_Shot_QA/test_list.txt",
    "norm": "linf",
    "eps": 0.01568627450980392,
    "alpha": 0.00784313725490196,
    "n_attack_samples": 1000,
    "batch_size": 16,
    "attack_batch_size": 8,
    "attacks_to_run": null,
    "experiment_name": "msvd_attack_eval",
    "save_results": true,
    "verbose": true
  },
  "baseline_performance": {
    "text_to_video": {
      "R1": 60.298507462686565,
      "R5": 86.56716417910448,
      "R10": 91.64179104477611,
      "MR": 1.0,
      "MedianR": 1.0,
      "MeanR": 5.16865671641791
    },
    "video_to_text": {
      "R1": 59.850746268656714,
      "R5": 86.86567164179104,
      "R10": 92.08955223880596,
      "MR": 1.0,
      "MedianR": 1.0,
      "MeanR": 4.553731343283582
    }
  },
  "attack_results": [
    {
      "attack_method": "apgd-dlr",
      "total_samples": 670,
      "attack_time": 6262.215460062027,
      "avg_time_per_sample": 9.346590238898548,
      "baseline_r1": 60.298507462686565,
      "baseline_r5": 86.56716417910448,
      "baseline_r10": 91.64179104477611,
      "original_r1": 61.19402985074627,
      "original_r5": 87.01492537313433,
      "original_r10": 91.94029850746269,
      "original_mean_rank": 4.650746268656716,
      "attacked_r1": 2.2388059701492535,
      "attacked_r5": 62.08955223880597,
      "attacked_r10": 70.29850746268657,
      "attacked_mean_rank": 26.529850746268657,
      "r1_drop": 58.95522388059702,
      "r5_drop": 24.92537313432836,
      "r10_drop": 21.641791044776113,
      "mean_rank_increase": 21.87910447761194,
      "attack_success_rate": 0.591044776119403,
      "mean_rank_degradation": 21.87910447761194
    }
  ],
  "summary": {
    "best_attack": "apgd-dlr",
    "max_r1_drop": 58.95522388059702,
    "max_r5_drop": 24.92537313432836,
    "max_success_rate": 0.591044776119403
  }
}